SVENSKA;SPANSKA
1§ Mord;Asesinato
2§ Dråp;Homicidio
3§ Barnadråp;Infanticidio
5§ Misshandel;Maltrato, delito de lesiones
6§ Grov misshandel;Maltrato grave (con agravante), delito agravado de lesiones
7§ Vållande till annans död;Homicidio culposo/ por negligencia/ imprudente/ involuntario
8§ Vållande till kroppsskada eller sjukdom;Delito de lesiones por imprudencia
9§ Framkallande av fara för annan;Delito de peligro, provocar peligro para terceros
10§ Arbetsmiljöbrott;Delito contra la seguridad laboral
1§ Människorov;Secuestro
1a§ Människohandel;Trata de personas (seres humanos)
1b§ Människoexploatering;Explotación de personas
2§ Olaga frihetsberövande;Privación ilicita de la libertad
4§ Olaga tvång;Delito de coacciones
4a§ Grov fridskränkning/grov kvinnofridskränkning;Delito de atentado contra la integridad moral de la persona/ mujer, violación grave de la integridad de la persona/mujer
4b§ Olaga förföljelse;Persecución ilicita
4c§ Äktenskapstvång;Delito de matrimonio forzado, delito de coaccción para contraer matrimonio
4d§ Vilseledande till äktenskapsresa;Viaje ilícito engañoso con promesa de matrimonio
4e§ Hedersförtryck;Opresión de honor
5§ Olaga hot;Amenaza ilicita, delito de amenaza
6§ Hemfridsbrott och olaga intrång;Allanamiento de morada y usurpación
6a§ Kränkande fotografering;Captación ultrajante/ vejatoria de imagen
7§ Ofredande;Acoso
8§ Brytande av post- eller telehemlighet;Violación de secreto postal y de telecomunicaciones
9§ Intrång i förvar;Intrusión en lugar cerrado
9a§ Olovlig avlyssning;Escucha ilícita
9c§ Dataintrång & grovt dataintrång;Intrusión en sistemas informáticos
1§ Förtal;Difamación, calumnia
2§ Grovt förtal;Difamación grave
3§ Förolämpning;Insulto, ofensa
4§ Förtal av avliden;Difamación, calumnia de difunto
1§ Våldtäkt & grov våldtäkt;Violación y violación grave
1a§ Oaktsam våldtäkt;Violación negligente
2§ Sexuellt tvång och grovt sexuellt tvång;Coerción sexual
3§ Sexuellt utnyttjande av person i beroende ställning och grov sexuellt utnyttjande av person i beroende ställning;Abuso sexual de persona en situación (posicion) de dependencia
4§ Våldtäkt mot barn och grov våldtäkt mot barn;Violación de menor
5§ Sexuellt utnyttjande av barn;Abuso sexual de menor
6§ Sexuellt övergrepp mot barn och grov sexuellt övergrepp mot barn;Agresión sexual a menor
7§ Samlag med avkomling och samlag med syskon;Coito con descendente y coito con hermanos
8§ Utnyttjande/ grovt utnyttjande av barn för sexuell posering;Explotación de menores para poses sexuales
9§ Köp av sexuell handling av barn;Compra de acto sexual de menores
10§ Sexuellt ofredande;Acoso sexual
10a§ Kontakt med barn i sexuellt syfte;Contacto con menor para fines sexuales
11§ Köp av sexuell tjänst;Compra de servicio sexual
12§ Koppleri och grovt koppleri;Proxenetismo, proxenetismo con agravante
1§ Tvegifte och olovlig ingående av äktenskap;Bigamia y contracción ilícita de matrimonio
2§ Otillbörlig utverkande av samtycke eller tillstånd till adoption av barn;Obtención indebida de consentimiento o autorización para la adopción de un niño
3§ Förvanskande av familjeställning;Distorsión del estado familiar
4§ Egenmäktighet med barn/ grov egenmäktighet med barn;Sustracción de menores
1§ Stöld;Hurto/robo
2§ Snatteri;Hurto leve
4§ Grov stöld;Hurto grave/robo grave
5§ Rån;Robo / atraco
6§ Grovt rån;Robo grave/ atraco grave
7§ Tillgrepp av fortskaffningsmedel;Robo/ hurto de uso de vehículos
8§ Egenmäktig förfarande;Procedimiento arbitrario
9§ Självtäkt (olaga);Realización arbitraria del propio derecho
10§ Olovlig kraftavledning;Desviación ilícita de electricidad
10a § Olovlig avledning av värmeenergi;Desviación ilícita de energía de calefacción
11§ Åverkan eller självtäkt (enl. 12 kap. 2§ eller 8-9 §§);Daño/deterioro o realización arbitraria del propio derecho
1§ Bedrägeri;Fraude
2§ Bedrägligt beteende;Comportamiento fraudulento
3§ Grovt bedrägeri;Fraude grave
3a§ Subventionsmissbruk;Fraude de subvenciones
4§ Utpressning;Extorsión
5§ Ocker;Usura
6§ Häleri;Receptación
7§ Häleriförseelse;Falta de receptación
8§ Oredligt förfarande;Procedimiento fraudulento
9§ Svindleri;Estafa / Timo
10§ Ockerpantning;Pignoración usuraria
1§ Förskingring;Apropiación indebida/ malversación de fondos (sector público)
2§ Ringa förskingring;Apropiación indebida de grado leve
3§ Grov förskingring;Apropiación indebida con agravante
4§ Olovlig förfogande;Disposición ilícita
5§ Trolöshet mot huvudman;Deslealtad contra mandante
5a§ Tagande av muta;Aceptación de soborno
5b§ Givande av muta;Soborno
5d§ Handel med inflytande;Comercio de influencias
5e§ Vårdslös finansiering av mutbrott;Financiación imprudente de delito de cohecho/ soborno
6§ Behörighetsmissbruk;Abuso de atribuciones
7§ Olovligt brukande;Uso ilicito
8§ Fyndförseelse;Infracción de omisión de denuciar hallazgos
1§ Oredlighet mot borgenärer/ grov oredlighet mot borgenärer;Fraudulencia contra acreedor
2§ Försvårande av konkurs eller exekutiv förrättning;Obstaculización de procedimiento concursal o acción ejecutiva
3§ Vårdslöshet mot borgenärer;Negiligencia contra acreedores
4§ Otillbörligt gynnande av borgenär;Favorecer indebidamente a un acreedor
5§ Bokföringsbrott och grovt bokföringsbrott;Delito contable y delito contable grave
1§ Skadegörelse;Delito de daños, delito de daños y destrozos
2§ Åverkan;Delito leve de daños, delito de deterioro
3§ Grov skadegörelse;Delito de daños con agravante, delito de daños y destrozos
4§ Tagande av olovlig väg;Utilización de camino ilícito
1§ Mordbrand;Incendio provacado/intencional
2§ Grov mordbrand;Incendio provacado con agravante
3§ Allmänfarlig ödeläggelse;Estragos
4§ Sabotage;Sabotage
5§ Grovt sabotage;Sabotage con agravante
5a§ Kapning/ sjö- och luftfartssabotage;Delito de piratería, sabotaje de nave marítima o aérea, apoderamiento ilícito, secuestro
5b§ Flygplatssabotage;Sabotage de aeropuerto
5c§ Blåljussabotage;Delito de obstaculización de servicios de emergencia
6§ Allmänfarlig vårdslöshet;Imprudencia temeraria con peligro público
7§ Spridande av gift eller smitta;Propagación de sustancias tóxicas o contagiosas
8§ Förgöring;Imprudencia temeraria de flora y fauna
9§ Vårdslöshet med gift eller smittämne;Imprudencia temeraria de sustancias tóxicas o contagiosas
10§ Underlåtenhet att avvärja allmänfara;Omisión al deber de evitar peligro público
1§ Urkundsförfalskning;Falsificación de documento
2§ Förvanskning av urkund;Alteración de documento
3§ Grov urkundsförfalskning;Falsificación de documento con agravante
4§ Hindrande av urkunds bevisfunktion;Obstaculización de la función probatoria de documento
5§ Signaturförfalskning;Falsificación de firma
6§ Penningförfalskning;Falsificación de moneda
7§ Olovlig befattning med falska pengar;Manejo ilicito con moneda falsa
8§ Märkesförfalskning;Falsificación de marca
9§ Förfalskning av fast märke;Falsificación de marca fija
10§ Brukande av det förfalskade;Utilización de lo falsificado
11§ Olaga spridning av efterbildning;Difusión ilegal de imitaciones
1§ Mened;Perjurio
2§ Osann partutsaga;Declaración falsa
3§ Ovarsam utsaga;Declaración imprudente
4a§ Osann utsaga/ovarsam utsaga inför nordisk domstol;Declaración falsa/ imprudente ante tribunal nórdico
4b§ Osann/ovarsam utsaga inför en internationell domstol;Declaración falsa/ imprudente ante tribunal internacional
5§ Falskt eller obefogat åtal;Demanda falsa o injustificada
6§ Falsk eller obefogad angivelse;Denuncia falsa o imprudente
7§ Falsk eller vårdslös tillvitelse;Acusación falsa o imprudente
8§ Bevisförvanskning;Alteración de pruebas
9§ Underlåtenhet att avvärja rättsfel;Omisión del deber de evitar errores judiciales
10§ Osann eller vårdslös försäkran;Afirmación falsa o afirmación imprudente
11§ Osann intygande/ grovt osant intygande;Certificación falsa/ certificación falsa con gravedad
12§ Missbruk av urkund och missbruk av handling;Uso indebido de documento y falsificación de documento
13§ Förnekande av underskrift;Negación de firma propia
1§ Upplopp;Disturbio, desórden público, sedición
2§ Våldsamt upplopp;Disturbio violento, desórdenes públicos violentas, sedición violenta
3§ Ohörsamhet mot ordningsmakten;Desobediencia a las fuerzas del orden público
4§ Störande av förrättning eller av allmän sammankomst;Interrupción de diligencia o de reunión pública/acto público
5§ Uppvigling;Incitación a la sedición
6§ Myteri;Motín
8§ Hets mot folkgrupp;Agitación contra grupo étnico
9§ Olaga diskriminering;Discriminación ilícita
10§ Gravfridsbrott (tidigare: Brott mot griftefrid);Delito contra la paz sepulcral
10a§ Barnpornografibrott;Delito de pornografía infantil
10b§ Olaga våldsskildring;Delito de difusicón ilícita de imágenes violentas (de actos violentos contra personas o animales)
10d§ Otillåten utlämning av teknisk upptagning;Divulgación prohibida de grabaciones técnicas
11§ Otillåten förfarande med pornografisk bild;Exposición indebida de imagen pornográfica
12§ Förledande av ungdom;Corrupción de menores
13§ Djurplågeri;Maltrato de animales
14§ Dobbleri;Juego ilícito
14a§ Grovt dobbleri;Juego ilícito grave
15§ Falsk larm och missbruk av larmanordning;Alarma falsa y uso indebido de sistema de alarma
16§ Förargelseväckande beteende;Comportamiento escandaloso
1§ Våld eller hot mot tjänsteman;Violencia o amenaza contra funcionario público
2§ Förgripelse mot tjänsteman;Agresión contra funcionario
4§ Våldsamt motstånd;Resistencia violenta
8§ Otillbörlig inverkan vid omröstning/tagande av otillbörlig förmån vid röstning;Actividad indebida en un acto de elección y recepción indebida de recompensa por el voto.
9§ Brott mot rösthemlighet;Delito contra el voto secreto
10§ Övergrepp i rättssak;Interferencia en material judicial, obstrucción a la justicia
11§ Skyddande av brottsling;Encubrimiento
12§ Främjande av flykt;Complicidad en la evasión
13§ Överträdelse av myndighetens bud och hindrande av förrättning;Transgresión/incumplimiento de mandato de una autoridad y obstrucción de función pública
15§ Föregivande av allmän ställning;Atribución falsa de función pública, abuso de atribuciones
1§ Uppror;Rebelión, subelevación
3§ Väpnat hot mot laglig ordning;Amenaza armada contra orden legal
4§ Olovlig kårverksamhet;Formación de cuerpos ilícitos
5§ Brott mot medborgerlig frihet;Delito contra la libertad ciudadana
6§ Svikande av försvarsplikt;Abandono del deber de defensa militar
1§ Högförräderi;Alta traición
2§ Krigsanstiftan;Instigación (incitación) a la guerra
3§Trolöshet vid förhandling med främmande makt;Deslealtad en la negociación con potencia extranjera
4§Egenmäktighet vid förhandling med främmande makt;Arbitrariedad en negaciación con potencia extranjera
5§ Spioneri;Espionaje
6§ Grovt spioneri;Espionaje con agravante
7§ Obehörig befattning med hemlig uppgift;Intromisión / tenencia con información secreta
8§ Grov obehörig befattning med hemlig uppgift;Intromisión / tenencia con información secreta con agravante
9§ Vårdlöshet med hemlig uppgift;Negligencia con información secreta
10§ Olovlig underrättelseverksamhet mot Sverige;Actividades ilícitas de inteligencia contra Suecia
10a§ Olovlig underrättelseverksamhet mot främmande makt;Actividades ilícitas de inteligencia contra potencia extranjera
10b§ Olovlig underrättelseverksamhet mot person;Actividades ilícitas de inteligencia contra persona
12§ Olovlig värvning;Reclutamiento ilícito
13§ Tagande av utländskt understöd;Recepción de ayuda económica del extranjero
1§ Tjänstefel/ grovt tjänstefel;Prevaricación / prevaricación con agravante
3§ Brott mot tystnadsplikt;Delito contra el secreto profesional
5§ Lydnadsbrott;Delito de desobediencia
6§ Grovt lydnadsbrott;Delito de desobediencia con agravante
7§ Rymning;Huida
8§ Våld eller hot mot förman;Violencia o amenaza contra superior
9§ Samröre med fienden;Colaboración con el enemigo
10§ Undergrävande av stridviljan;Menoscabo de la voluntad de lucha
11§ Försummande av krigsförberedelse;Negligencia con los actos preparativos de guerra
12§ Obehörig kapitulation;Rendición no autorizada
13§ Stridförsumlighet;Negligencia en combate
14§ Tjänstebrott;Prevaricación/ Delito de incumplimiento grave del deber
1§ Landsförräderi;Traición contra la nación
2§ Landssvek;Engaño contra la nación
3§ Landsskadlig vårdslöshet;Negligencia en detrimento de la nación
5§ Ryktesspridning till fara för rikets säkerhet;Difusión de rumores que pone en peligro la seguridad de la nación
6a§ Olovlig befattning med kemiska vapen/ grov…;Manejo ilicito de armas quiímicas
6b§ Olovlig befattning med minor/ grov…;Manejo ilícito de minas
6c§ Olovlig kärnsprängning/ grov…;Ensayos nucleares ilícitas
Lag 2014:406 Om straff för folkmord, brott mot mänskligheten och krigsförbrytelser.;
strafföreläggande;Imposición/orden de sanción
Förneka brott;Negar un delito
Erkänna brott;Reconocer un delito
Delge;Notificar
Gripa;Aprehender
Anhålla;Detener
Häkta;Someter a la prisión preventiva
Patrull;Patrulla
Brottsrekvisit;Elementos constitutivos del delito 
Fria;Absolver
Fälla (skyldig);Condenar
Dömma;Sentenciar
Väcka åtal;Dictar auto de procesamiento
"Förhörsledare
 ";Instructor del interrogatorio
Juridik;Derecho
Rådman;Juez de primera instancia
Rättsregler;Normas jurídicas
Lagstiftningsarbete;Trabajo legislativo
Domstolar;Tribunales
Myndigheter;Autoridades
Rättspraxis;Jurisprudencia
Rättsfakta;Hechos jurídicos
Rättsföljd;Consecuencia jurídica
Tvångsåtgärder;Medidas coercitivas, medidas cautelares
Lagar;Leyes
Rättsordning;Ordenamiento jurídico
Rättssamhälle;Sociedad de derecho
Rättsstat;Estado de derecho
Kränkningar;Violaciones, incumplimientos, transgresiones, vejaciones, ultrajes
Kränkningsrersättning;Indemnización por ultraje
Förordningar;Decretos
Direktiv;Directivas
Polisen;La policia
Åklagarmyndigheten;El ministerio fiscal, la fiscalía, el ministerio público
Ekobrottsmyndigheten EBM;Autoridad Sueca de Lucha contra la Delincuencia Económica (Utrikes namnbok)
Kriminalvården KV;La dirección de ejecución penal, El sistema penitenciario
Kronofogdemyndigheten KFM;La oficina nacional de cobro ejecutivo de Suecia (Utrikes namnbok)
Rättsmedicinalverket RMV;La dirección nacional de medicina forense (Utrikes Namnbok)
Tullverket;Aduanas de Suecia (Utrikes Namnbok), La administración de Aduanas
Rättsväsendet;El sistema judicial, las instituciones judiciales
Brottsförebyggande rådet;El consejo nacional para la prevención de la delincuencia (Utrikes Namnbok)
Brottsoffermyndigheten BrOM;La oficina nacional para las víctimas del crimen (Utrikes Namnbok)
Justitiedepartementet;El Ministerio de justicia
Brottsbeivrande;Prevención y lucha contra la delincuencia
Anhållande;Detención
Åtal;Auto de procesamiento, acción penal, enjuiciamiento
Påföljd;Sanción
Skyddstillsyn;Libertad condicional vigilada
Fängelse;Prisión, cárcel
Villkorlig dom;Sentencia condicional
Samhällstjänst;Trabajo/ servicio comunitario, trabajos en beneficio de la sociedad
Ostraffad;Sin antecedentes penales
Civilrätt (Privalrätt);Derecho civil
Fysiska personer;Personas físicas
Juridiska personer;Personas jurídicas
Avtal;Acuerdo, contrato, pacto, convenio
Hyra;Alquiler, arriendo
Kredit;Crédito
Bolag;Sociedad
Förening;Asociación
Stiftelse;Fundación
Förvaltningsrätt;Derecho administrativo
Kommunalrätt;Derecho municipal
Straffrätt;Derecho penal
Processrätt;Derecho procesal
Straff;Castigo, pena, sanción
Brottsbalken;El código penal
Legalitetsprincipen;El principio de legalidad
Förvaltningsmål;Caso administrativo
Skatterätt;Derecho tributario o fiscal
Folkrätt;Derecho internacional
Internationell privaträtt;Derecho civil internacional
Internationell rätt;Derecho internacional
Konventioner;Convenciones
Lagharmonisering;Harmonización legislativa
Köprätt;Derecho de compraventa
Avtalsrätt;Derecho contractual
Patent- och upphovsrätt;Derecho de patentes y derecho de autor
Förenta nationerna FN;La ONU, organización de las naciones unidas
Europarådet;El consejo europeo
Utsökningsrätt;Derecho de ejecución forzosa
Borgenär;Acreedor
Allemansrätten;Derecho consuetudinario de acceso a la naturaleza.
Sedvanerätt;Derecho consuetudinario
Sedvanerätt;Derecho consuetudinario
Regeringsformen RF;La ley reguladora del gobierno sueco
Miljöbalken;El código medioambiental
Juridisk doktrin;Doctrina jurídica
Åverkan;Daño, deterioro, delito leve de daños, delito de deterioro
Tagande av olovlig väg;Uilización de camino ilícito
Högsta domstolen HD;El tribunal supremo
Markägare;Terrateniente
Fastighetsägare;Propietario de bienes inmuebles
Lagtext;Texto legislativo
Skälig;Razonable
Av ringa betydelse;De importancia leve
Lagtolkning;Interpretación de la ley
Bokstavstolkning;Interpretación literal
Systematisk tolkning;Interpretación sistemática
Teleologisk tolkning;Interpretación teleológica
Brottmål;Caso penal
Analogisk tolkning;Interpretación analógica
E contrario tolkning;Interpretación e contrario
Förarbeten till lag;Anteproyectos de ley
Propositioner;Proposiciones
Utskottsutlåtanden;Dictámenes de los grupos de trabajo del parlamento
Prejudikat;Precedente
Arbetsdomstolen AD;El tribunal de trabajo
Patent- och marknadsdomstolen;El tribunal de patentes y del mercado
Högsta förvaltningsdomstolen HFD;El tribunal supremo administrativo
EU- domstolen;El tribunal de justicia de la UE
Paragraf §;Artículo
Arbetsrätt;Derecho laboral
Konsumenträtt;Derecho del consumidor
Motioner;Mociones
Lagrådsremiss;Consulta al Consejo General del Poder Judicial (CGPJ)
Svensk författningssamling SFS;Código de Estatutos Suecos
Utfärda (promulgera);Promulgar
Grundlag;Ley orgánica
Könsneutral;Neutral de género
Sexuell läggning;Orientación sexual
Successionsordningen SO;La ley de sucesiones
Tryckfrihetsförordningen TF;La ley de libertad de prensa
Yttrandefrihetsgrundlagen YGL;La ley de libertad de expresión
Regeringskansliet;El gabinete del gobierno
Remiss;Consulta
Lagrådet;El consejo judicial, el consejo legislativo
Justitieråd;Miembro del tribunal supremo
124. Normhierarkin;Hierarquía normativa
Föreskrifter;Normativas, ordenanzas
Dispositiv lag;Ley dispositiva
Indispositiv lag;Ley imperativa, ley indispositiva
Kommissionen;La comisión
Europaparlamentet;El parlamento europeo
Ministerrådet;El consejo de ministrs
Fördrag;Tratado
Enhälliga;Unánime
Kvalificerad majoritet;Mayoría cualificada
Massmedia;Los medios públicos
Rättegångar;Juicios, procesos, vistas
Ärenden;Casos, causa, asunto (legal)
Domstolsförhandling;Audiencia, juicio, vista, sesión del tribunal
Stängda dörrar;A puerta cerrada
